station,latitude,longitude,elevation,name,annual_precip,precip_norm,elev_norm,lat_norm,long_norm,coastal_penalty,survivability,survivability_category
US1NCAG0001,36.459,-81.1525,946.1,"SPARTA 3.5 SSW, NC US",56.25,0.46676680435598944,0.8099683137792242,0.97279418615485,0.3559531223461468,0.6440468776538533,0.7964043614326076,High
US1NCCB0008,35.3647,-80.655,193.9,"CONCORD 4.5 SW, NC US",46.99,0.119038678182501,0.1657960092489509,0.46301127364203704,0.41228556870293814,0.5877144312970619,0.29965225147581864,Low
US1NCCD0014,36.0546,-81.4843,477.9,"LENOIR 10.6 NNE, NC US",52.56,0.3282012767555389,0.4090091633124946,0.7844032423367178,0.3183830606352255,0.6816169393647745,0.5405387750685946,Medium
US1NCCH0004,35.6486,-79.3361,173.1,"GOLDSTON 3.8 N, NC US",48.94,0.19226436349981213,0.14798321486683222,0.5952669337557065,0.5616259978486099,0.4383740021513901,0.29902253880200313,Low
US1NCCH0016,35.7721,-78.9981,89.6,"APEX 9.2 WNW, NC US",48.3,0.16823131806233557,0.0764751220347692,0.6527997763905709,0.5998980920568427,0.40010190794315725,0.25823573858018556,Low
US1NCCH0017,35.7915,-79.1074,112.5,"PITTSBORO 6.2 NE, NC US",49.46,0.21179121291776193,0.09608632354200565,0.6618373241404998,0.5875219385155412,0.41247806148445876,0.28276217591841,Low
US1NCCK0007,35.1404,-84.2961,502.6,"MURPHY 15.5 WNW, NC US",58.43,0.5486293653773938,0.4301618566412606,0.35852045094568025,0.0,1.0,0.6060163373068308,Medium
US1NCCM0006,34.8806,-78.86,43.6,"HOPE MILLS 8.3 SE, NC US",48.93,0.19188884716485163,0.03708144215123748,0.23749184757290534,0.6155352997791996,0.38446470022080037,0.17902965004692753,Low
US1NCCM0058,34.9696,-78.9438,33.2,"HOPE MILLS 0.6 ESE, NC US",46.03,0.08298911002628617,0.02817504496017813,0.27895276250815115,0.6060465379607094,0.3939534620392906,0.15546840677074142,Low
US1NCCM0086,35.0195,-78.7125,39.0,"STEDMAN 1.0 NW, NC US",47.63,0.14307172361997755,0.033142074162884304,0.30219882605049764,0.6322368793523179,0.36776312064768213,0.17122141602354762,Low
US1NCCN0009,35.1387,-77.0739,4.9,"NEW BERN 1.3 NNE, NC US",56.99,0.49455501314307176,0.003939367988353173,0.35772850088511954,0.8177772745286767,0.18222272547132334,0.21571225750697712,Low
US1NCCN0020,34.8957,-76.9161,6.4,"HAVELOCK 1.4 SW, NC US",59.75,0.5981975215921892,0.005223944506294425,0.24452622752259173,0.8356451338957145,0.1643548661042855,0.2217112600004404,Low
US1NCCN0061,35.0746,-77.1373,2.1,"NEW BERN 4.6 SW, NC US",57.03,0.49605707848291397,0.0015414918215295025,0.3278673250722045,0.8105984260884341,0.18940157391156587,0.2118454290746371,Low
US1NCCN0067,35.0906,-77.0897,5.2,"TRENT WOODS 1.0 NNE, NC US",57.42,0.5107022155463763,0.004196283291941424,0.33532097270101535,0.8159882239710139,0.1840117760289861,0.21687419664351432,Low
US1NCCR0001,34.7857,-76.8633,9.1,"NEWPORT 0.2 SW, NC US",61.16,0.6511453248216296,0.007536182238588677,0.1932824000745346,0.8416237332276519,0.15837626677234806,0.22722203569035151,Low
US1NCCR0009,34.7971,-76.6708,2.1,"BEAUFORT 5.3 N, NC US",61.25,0.6545249718362748,0.0015414918215295025,0.1985931240100614,0.863420709958671,0.13657929004132896,0.22150681547960846,Low
US1NCCR0012,34.73,-76.74,4.0,"MOREHEAD CITY 0.6 NW, NC US",58.45,0.5493803980473151,0.0031686220775884216,0.16733438926674477,0.8555851214402999,0.14441487855970014,0.19291254465257474,Low
US1NCCR0016,34.7302,-76.8314,10.1,"MOREHEAD CITY 6.0 WNW, NC US",59.12,0.5745399924896731,0.008392566583882845,0.16742755986210794,0.845235803657363,0.15476419634263705,0.2038982546622033,Low
US1NCCR0020,34.7315,-76.5176,2.1,"HARKERS ISLAND 3.2 NE, NC US",64.13,0.762673676304919,0.0015414918215295025,0.16803316873194557,0.8807677065051239,0.11923229349487607,0.24049059899576158,Low
US1NCCR0045,34.7345,-76.7725,4.9,"MOREHEAD CITY 2.4 WNW, NC US",61.11,0.6492677431468268,0.003939367988353173,0.16943072766234718,0.8519051123818161,0.1480948876181839,0.21932020645387212,Low
US1NCCR0073,34.6985,-76.7939,3.4,"PINE KNOLL SHORES 1.4 E, NC US",58.24,0.541494555013143,0.002654791470411921,0.15266002049753108,0.8494819679556145,0.15051803204438552,0.1897036439719985,Low
US1NCCR0074,34.8024,-76.8642,8.2,"NEWPORT 1.0 N, NC US",61.57,0.6665414945550131,0.0067654363278239265,0.20106214478710338,0.8415218252844937,0.1584781747155063,0.23187304846383203,Low
US1NCCR0098,34.7254,-77.0981,8.8,"SWANSBORO 3.0 NE, NC US",61.57,0.6665414945550131,0.007279266935000428,0.16519146557346404,0.8150370831682048,0.18496291683179522,0.23204631030863213,Low
US1NCCS0002,36.251,-79.2382,210.0,"MEBANE 11.2 N, NC US",48.31,0.16860683439729635,0.179583797208187,0.8758967669803389,0.5727113174432423,0.42728868255675767,0.34878585876181994,Low
US1NCCV0026,35.3396,-81.533,268.5,"SHELBY 3.5 N, NC US",47.13,0.124295906871949,0.22968228140789584,0.45131836392434305,0.31286870859989774,0.6871312914001022,0.35103913029060707,Low
US1NCCY0003,35.054,-83.728,714.1,"HAYESVILLE 5.2 E, NC US",65.73,0.8227562898986106,0.6112871456709772,0.31827075375011626,0.06432655834229765,0.9356734416577024,0.7462079467041991,High
US1NCDH0006,35.9914,-78.931,113.1,"DURHAM 1.2 NW, NC US",49.96,0.23056702966579046,0.09660015414918215,0.7549613342029239,0.6074958953745121,0.3925041046254879,0.29768685554657487,Low
US1NCDH0022,36.071,-78.9633,117.7,"DURHAM 6.8 NNW, NC US",49.17,0.2009012392039054,0.10053952213753532,0.7920432311562451,0.6038385325256181,0.39616146747438186,0.29853384903805713,Low
US1NCDH0034,36.0347,-78.9806,154.2,"DURHAM 5.2 NW, NC US",49.66,0.21930153961697318,0.13179755074077243,0.7751327680983875,0.6018796353960262,0.3981203646039738,0.3166181484101824,Low
US1NCDH0048,36.0448,-78.9222,107.3,"DURHAM 4.5 N, NC US",49.97,0.23094254600075095,0.09163312494647598,0.7798378831640734,0.6084923285965008,0.3915076714034992,0.2988294157287366,Low
US1NCDP0003,35.1763,-78.1018,48.2,"MOUNT OLIVE 2.4 SW, NC US",51.08,0.2726248591813743,0.04102081013959065,0.37524457281281803,0.701387080337429,0.298612919662571,0.20467588971957582,Low
US1NCDR0051,35.5805,-75.4646,2.1,"RODANTHE 1.0 SSE, NC US",54.78,0.4115659031167856,0.0015414918215295025,0.5635423460355904,1.0,0.0,0.1881935735952997,Low
US1NCDS0007,35.8408,-80.0933,256.3,"THOMASVILLE 3.5 SSW, NC US",46.43,0.09800976342470895,0.219234392395307,0.6848038758967666,0.4758874483383344,0.5241125516616656,0.3416627287706789,Low
US1NCDS0013,35.96,-80.2988,256.3,"CLEMMONS 6.5 SE, NC US",45.97,0.08073601201652265,0.219234392395307,0.7403335507313885,0.45261846798392114,0.5473815320160789,0.35032753821470825,Low
US1NCDV0001,35.9519,-80.6946,256.6,"SHEFFIELD 1.3 SW, NC US",50.43,0.24821629740893725,0.21949130769889527,0.7365601416193048,0.40780161920398633,0.5921983807960136,0.4007234256037804,Medium
US1NCDV0002,35.9414,-80.4134,254.5,"ADVANCE 0.2 ESE, NC US",48.39,0.17161096507698084,0.2176929005737775,0.7316686853628992,0.4396421898884678,0.5603578101115322,0.3735710563828753,Low
US1NCDV0006,35.9734,-80.4415,226.8,"ADVANCE 2.9 NW, NC US",45.71,0.0709725873075479,0.19397105420912905,0.7465759806205142,0.4364603974409777,0.5635396025590222,0.3394229915363331,Low
US1NCED0011,35.8391,-77.495,13.4,"TARBORO 5.9 SE, NC US",50.26,0.24183251971460748,0.0112186349233536,0.684011925836206,0.7700956802355203,0.22990431976447967,0.21465010021865552,Low
US1NCFK0020,35.9705,-78.1968,57.6,"LOUISBURG 10.6 SSE, NC US",49.84,0.2260608336462637,0.04907082298535583,0.7452250069877941,0.690630130781861,0.309369869218139,0.25470834479604076,Low
US1NCFR0004,36.1544,-80.4055,269.4,"LEWISVILLE 4.2 N, NC US",47.84,0.15095756665414956,0.23045302731866057,0.8308953694214107,0.4405367151672984,0.5594632848327016,0.38949286770261965,Low
US1NCFR0007,36.0931,-80.4113,280.4,"LEWISVILLE 0.5 W, NC US",46.3,0.09312805107022143,0.23987325511689642,0.8023385819435375,0.4398799750891697,0.5601200249108302,0.37559343259970024,Low
US1NCFR0022,36.1033,-80.0835,294.7,"KERNERSVILLE 1.1 SSW, NC US",46.95,0.11753661284265875,0.25211955125460306,0.8070902823069016,0.4769971126082771,0.523002887391723,0.38110804866234604,Low
US1NCFR0034,36.1528,-80.2215,303.0,"WINSTON-SALEM 4.2 NNE, NC US",47.51,0.13856552760045052,0.25922754132054465,0.8301500046585284,0.46137122799071434,0.5386287720092857,0.3965034076610214,Low
US1NCGL0008,36.1515,-79.7968,242.3,"GREENSBORO 5.3 NNE, NC US",46.06,0.08411565903116792,0.20724501156118866,0.8295443957886874,0.5094604540565018,0.49053954594349825,0.3471909890953891,Low
US1NCGL0013,36.2455,-79.7543,252.4,"BROWNS SUMMIT 3.2 NW, NC US",46.21,0.08974840405557644,0.21589449344865974,0.873334575607937,0.5142727735945195,0.4857272264054805,0.3585299793605106,Low
US1NCGL0016,36.2467,-79.7572,238.4,"BROWNS SUMMIT 3.4 NW, NC US",46.17,0.08824633871573417,0.2039051126145414,0.8738935991800963,0.5139444035554552,0.48605559644454477,0.35230930015212764,Low
US1NCGL0041,35.9761,-79.8367,255.1,"GREENSBORO 7.1 S, NC US",47.18,0.12617348854675176,0.218206731180954,0.7478337836578777,0.5049425352431645,0.49505746475683554,0.3518332982272137,Low
US1NCGS0006,35.2539,-81.1201,211.8,"GASTONIA 3.9 ESE, NC US",45.25,0.053698835899361606,0.18112528902971653,0.41139476381254036,0.35962180829983637,0.6403781917001636,0.2937722064016125,Low
US1NCGS0009,35.249,-81.0335,205.4,"BELMONT 0.4 E, NC US",45.3,0.05557641757416435,0.17564442921983384,0.40911208422621814,0.3694276170525953,0.6305723829474047,0.2891976082268717,Low
US1NCGS0021,35.2282,-81.1598,226.2,"GASTONIA 1.8 SSE, NC US",44.35,0.01990236575291029,0.19345722360195253,0.3994223423087667,0.35512653569608726,0.6448734643039127,0.2905922474463014,Low
US1NCGS0044,35.247,-81.096,200.9,"GASTONIA 4.3 E, NC US",45.75,0.07247465264739014,0.1717906996660101,0.408180378272616,0.36235067655551095,0.6376493234444891,0.2927709344246428,Low
US1NCGV0010,36.2965,-78.6299,156.1,"OXFORD 2.5 WSW, NC US",48.34,0.16973338340217808,0.13342468099683136,0.8970930774247645,0.6415897639132644,0.3584102360867356,0.31539169518002197,Low
US1NCHN0002,35.4308,-82.5242,645.0,"FLETCHER 1.2 WSW, NC US",50.93,0.2669921141569658,0.5521109874111502,0.49380415540855094,0.2006340938685392,0.7993659061314609,0.5767473267823913,Medium
US1NCHN0004,35.2817,-82.4564,737.0,"EAST FLAT ROCK 2.1 W, NC US",61.77,0.6740518212542246,0.6308983471782136,0.42434547656759447,0.20831115891977528,0.7916888410802247,0.7059517186038471,High
US1NCHN0012,35.291,-82.4143,647.7,"EAST FLAT ROCK 0.5 NNE, NC US",61.64,0.669170108899737,0.5544232251434444,0.4286779092518375,0.2130781860386118,0.7869218139613882,0.6661901889767098,Medium
US1NCHN0014,35.28,-82.5309,695.6,"HENDERSONVILLE 4.8 SW, NC US",65.63,0.8190011265490046,0.595444035283035,0.42355352650703376,0.19987544584725073,0.8001245541527493,0.7260302390853737,High
US1NCHN0015,35.3857,-82.3103,845.5,"HENDERSONVILLE 9.6 ENE, NC US",56.93,0.49230191513330823,0.7238160486426308,0.47279418615484836,0.22485421502576,0.77514578497424,0.7109317880227177,High
US1NCHN0019,35.4412,-82.4596,670.9,"FLETCHER 2.5 E, NC US",49.7,0.2208036049568157,0.5742913419542691,0.4986490263672783,0.20794881956632538,0.7920511804336746,0.5755541622581651,Medium
US1NCHN0025,35.2409,-82.5044,694.3,"HENDERSONVILLE 6.1 SSW, NC US",70.45,1.0,0.5943307356341526,0.40533867511413446,0.20287606861801433,0.7971239313819857,0.7673909553605935,High
US1NCHN0028,35.2883,-82.4828,654.1,"HENDERSONVILLE 2.6 SSW, NC US",64.66,0.7825760420578293,0.5599040849533271,0.42742010621447735,0.2053218592538074,0.7946781407461926,0.698644697072531,Medium
US1NCHR0002,35.4049,-78.681,75.9,"COATS 0.7 W, NC US",49.45,0.21141569658280143,0.0647426565042391,0.4817385633094174,0.6358036573628493,0.3641963426371507,0.23032530542166268,Low
US1NCHR0007,35.4028,-78.8508,103.9,"LILLINGTON 2.0 W, NC US",48.94,0.19226436349981213,0.08872141817247581,0.48076027205813693,0.6165770254203696,0.38342297457963037,0.24122543568583757,Low
US1NCHW0002,35.5389,-83.0467,1051.6,"MAGGIE VALLEY 2.9 ENE, NC US",58.1,0.536237326323695,0.9003168622077588,0.5441628622006875,0.1414708713129135,0.8585291286870865,0.8375480177523236,High
US1NCHW0004,35.4884,-82.9868,816.9,"WAYNESVILLE 0.7 ENE, NC US",53.91,0.37889598197521573,0.6993234563672176,0.5206372868722614,0.14825341108531898,0.851746588914681,0.6928306344911881,Medium
US1NCHW0017,35.5678,-82.8394,847.6,"CANTON 1.5 N, NC US",46.01,0.0822380773563649,0.7256144557677486,0.5576260132302227,0.16494366755364312,0.8350563324463569,0.6340219156967704,Medium
US1NCHW0025,35.4932,-83.0127,926.6,"WAYNESVILLE 1.0 NW, NC US",55.55,0.4404806609087494,0.7932688190459879,0.5228733811609053,0.14532072694332804,0.8546792730566719,0.7561214365356514,High
US1NCHW0035,35.5583,-83.0344,827.8,"WAYNESVILLE 5.5 NNW, NC US",54.34,0.39504318437852054,0.7086580457309241,0.5532004099506197,0.14286361320273927,0.8571363867972608,0.7074971578121373,High
US1NCHW0039,35.5317,-83.0595,1092.4,"MAGGIE VALLEY 2.1 ENE, NC US",60.04,0.6090874953060457,0.935257343495761,0.5408087207677249,0.1400215138991108,0.8599784861008892,0.8730175509097284,High
US1NCHW0048,35.5374,-83.0303,824.8,"WAYNESVILLE 4.1 NNW, NC US",55.97,0.4562523469770934,0.7060888926950415,0.5434640827354867,0.14332786049934892,0.8566721395006511,0.7199615734022473,High
US1NCIR0005,35.7953,-80.8347,258.5,"STATESVILLE 2.9 ENE, NC US",47.28,0.12992865189635752,0.22111843795495417,0.663607565452341,0.3919379493857217,0.6080620506142783,0.3641949268922733,Low
US1NCIR0017,35.9894,-80.7689,283.5,"HARMONY 2.2 N, NC US",47.46,0.13668794592564779,0.24252804658730837,0.7540296282493251,0.3993885523410516,0.6006114476589484,0.38866274354425456,Low
US1NCJH0007,35.5724,-78.4154,64.0,"CLAYTON 5.7 SSE, NC US",50.55,0.252722493428464,0.054551682795238504,0.5597689369235067,0.6658778236992579,0.33412217630074215,0.24124624055340965,Low
US1NCJH0014,35.6317,-78.4702,91.1,"CLAYTON 1.3 SSW, NC US",49.8,0.22455876830642119,0.07775969855271045,0.5873940184477778,0.6596727622714144,0.34032723772858564,0.25119409166584433,Low
US1NCJH0015,35.6892,-78.3482,83.8,"WENDELL 6.5 S, NC US",48.24,0.16597822005257235,0.07150809283206302,0.6141805646138067,0.6734869501217229,0.3265130498782771,0.23467829609690102,Low
US1NCJH0020,35.6169,-78.3846,93.0,"CLAYTON 4.6 ESE, NC US",50.15,0.23770184003004122,0.07938682880876938,0.5804993943911296,0.6693653399762209,0.33063466002377906,0.25232071557532026,Low
US1NCJH0022,35.7218,-78.2583,83.2,"MIDDLESEX 5.5 SSW, NC US",50.64,0.25610214044310925,0.07099426222488653,0.6293673716575047,0.683666421332729,0.31633357866727096,0.25719448770530046,Low
US1NCJH0046,35.6194,-78.3411,51.2,"CLAYTON 6.8 ESE, NC US",49.09,0.1978971085242209,0.04358996317547315,0.5816640268331298,0.6742908905621926,0.3257091094378074,0.22366068463132274,Low
US1NCJH0080,35.536,-78.1004,66.8,"KENLY 4.2 SSE, NC US",49.52,0.21404431092752543,0.05694955896206217,0.5428118885679675,0.7015456038045642,0.2984543961954358,0.22309851973719474,Low
US1NCLE0003,35.3831,-79.1632,121.0,"SANFORD 6.6 S, NC US",46.66,0.10664663912880196,0.10336559047700608,0.47158296841516656,0.5812036460397438,0.41879635396025616,0.23284117107502977,Low
US1NCLN0004,35.4606,-81.3296,270.4,"LINCOLNTON 4.4 WSW, NC US",48.98,0.1937664288396544,0.23130941166395474,0.5076865741172073,0.3358999037536092,0.6641000962463908,0.37306931840875024,Low
US1NCLR0004,35.3004,-77.6478,36.9,"KINSTON 3.7 WNW, NC US",54.0,0.382275628989861,0.03134366703776655,0.43305692723376543,0.7527939761082487,0.24720602389175128,0.2256404846297636,Low
US1NCLR0007,35.246,-77.5156,10.7,"KINSTON 4.7 ESE, NC US",54.95,0.41794968081111533,0.008906397191059345,0.40771452529581653,0.7677631206476812,0.23223687935231885,0.21654517346314475,Low
US1NCLR0010,35.3007,-77.6762,30.8,"KINSTON 5.1 WNW, NC US",52.54,0.3274502440856176,0.026119722531472125,0.43319668312680365,0.7495782143463746,0.2504217856536254,0.20998628188688606,Low
US1NCLR0023,35.289,-77.6665,31.7,"KINSTON 4.4 WNW, NC US",52.64,0.3312054074352234,0.026890468442236873,0.42774620329823865,0.7506765555115216,0.24932344448847843,0.21027320547235578,Low
US1NCMC0004,35.247,-83.414,602.6,"FRANKLIN 4.9 NNW, NC US",58.67,0.5576417574164476,0.5158002911706774,0.408180378272616,0.09988110739964842,0.9001188926003516,0.6385614202004133,Medium
US1NCMD0009,35.6891,-82.0742,409.7,"PLEASANT GARDENS 0.8 WSW, NC US",55.53,0.4397296282388284,0.3506037509634324,0.6141339793161283,0.2515880654475449,0.7484119345524551,0.5270367663493336,Medium
US1NCMD0010,35.6322,-82.18,469.7,"OLD FORT 0.2 W, NC US",53.71,0.3713856552760045,0.4019868116810824,0.5876269449361758,0.23960822057408038,0.7603917794259196,0.5340622172851526,Medium
US1NCMK0092,35.2184,-80.899,214.9,"CHARLOTTE 3.9 WNW, NC US",43.82,0.0,0.18378008050012845,0.39485698313612233,0.38465719300232104,0.615342806997679,0.2741871491200184,Low
US1NCML0001,36.092,-82.175,1168.0,"BAKERSVILLE 5.4 N, NC US",54.58,0.40405557641757406,1.0,0.8018261436690565,0.2401743758138482,0.7598256241861518,0.8732529404919823,High
US1NCML0002,35.989,-82.128,893.1,"BAKERSVILLE 2.5 SE, NC US",53.03,0.3458505444986857,0.7645799434786332,0.7538432870586019,0.24549623506765528,0.7545037649323447,0.7327298539092473,High
US1NCML0011,35.889,-82.0125,833.9,"SPRUCE PINE 3.7 ESE, NC US",58.54,0.5527600450619601,0.7138819902372184,0.7072579893785524,0.25857442110626677,0.7414255788937332,0.7495048205696286,High
US1NCMR0009,35.2795,-79.3567,120.7,"WHISPERING PINES 2.1 NE, NC US",49.57,0.2159218926023282,0.10310867517341783,0.4233206000186324,0.5592934382607707,0.4407065617392293,0.25717421308793165,Low
US1NCMS0012,35.7564,-82.753,678.2,"MARSHALL 4.8 SW, NC US",46.77,0.11077731881336848,0.5805429476749165,0.6454858846548015,0.1747268300968122,0.8252731699031878,0.5798433202196582,Medium
US1NCMS0016,35.8015,-82.5305,618.1,"MARS HILL 2.2 SSE, NC US",44.62,0.03004130679684555,0.529074248522737,0.6664958539085041,0.19992073826643195,0.800079261733568,0.5320376813935691,Medium
US1NCMS0018,35.6955,-82.7991,759.3,"LEICESTER 6.5 WNW, NC US",46.86,0.11415696582801348,0.6499957180782735,0.6171154383676514,0.16950687878616333,0.8304931212138367,0.6122030404940552,Medium
US1NCMS0020,35.7701,-82.8129,873.9,"MARSHALL 7.5 WSW, NC US",51.1,0.27337589185129557,0.7481373640489851,0.6518680704369687,0.16794429032440672,0.8320557096755933,0.7066040074879804,High
US1NCMT0010,35.8254,-77.2533,21.9,"ROBERSONVILLE 0.0 NNW, NC US",51.38,0.2838903492301916,0.018497901858354027,0.6776297400540388,0.7974636245258457,0.20253637547415426,0.22237327433966156,Low
US1NCNS0002,35.9709,-78.0109,68.3,"NASHVILLE 3.2 W, NC US",49.43,0.21066466391288016,0.058234135480003425,0.745411348178514,0.7116797825963874,0.2883202174036126,0.2512589794257214,Low
US1NCON0004,34.7264,-77.1672,6.1,"SWANSBORO 3.3 NW, NC US",60.3,0.6188509200150205,0.004967029202706174,0.16565731855026347,0.8072128177546293,0.19278718224537073,0.22060227883672187,Low
US1NCON0020,34.6681,-77.1785,9.1,"HUBERT 4.9 SE, NC US",57.55,0.5155839279008635,0.007536182238588677,0.13849809000279512,0.8059333069127558,0.19406669308724422,0.1922521252123783,Low
US1NCON0045,34.524,-77.3708,0.3,"SNEADS FERRY 2.1 SSE, NC US",55.21,0.4277131055200901,0.0,0.07136867604583913,0.7841589763913265,0.21584102360867352,0.1608017825086331,Low
US1NCON0086,34.7108,-77.129,9.1,"SWANSBORO 1.4 N, NC US",64.26,0.7675553886594068,0.007536182238588677,0.1583900121121757,0.811538243786446,0.188461756213554,0.25710779134368317,Low
US1NCOR0002,36.1383,-79.1806,210.9,"EFLAND 4.0 NNW, NC US",48.83,0.18813368381524587,0.18035454311895177,0.8233951364949217,0.5792334258053561,0.4207665741946439,0.3448732778264544,Low
US1NCOR0006,36.1515,-79.1908,202.4,"HILLSBOROUGH 7.4 NW, NC US",47.9,0.1532106646639128,0.17307527618395135,0.8295443957886874,0.5780784691162322,0.4219215308837678,0.33365626980301055,Low
US1NCOR0044,36.1492,-79.133,205.7,"HILLSBOROUGH 5.6 NNW, NC US",49.64,0.2185505069470522,0.1759013445234221,0.8284729339420471,0.5846232236879358,0.41537677631206416,0.349934594352194,Low
US1NCOR0045,35.9081,-79.2067,165.8,"CHAPEL HILL 9.4 W, NC US",47.25,0.12880210289147576,0.1417316091461848,0.7161557812354399,0.5762780954537737,0.42372190454622627,0.29523407839052257,Low
US1NCPD0017,34.3708,-77.7139,15.5,"HAMPSTEAD 0.3 NW, NC US",59.86,0.6023282012767555,0.013017042048471353,0.0,0.7453094038385333,0.2546905961614667,0.2080286905757179,Low
US1NCPD0022,34.554,-77.9229,12.2,"BURGAW 0.3 NE, NC US",56.6,0.47990987607960944,0.010190973709000599,0.08534426534985531,0.721644114816283,0.278355885183717,0.19354577271362436,Low
US1NCPD0028,34.3788,-77.6699,8.2,"TOPSAIL BEACH 2.1 W, NC US",60.56,0.6286143447239955,0.0067654363278239265,0.0037268238144021098,0.7502915699484803,0.24970843005151966,0.2110370139273751,Low
US1NCPK0001,35.2512,-82.1715,315.5,"COLUMBUS 1.9 E, NC US",60.09,0.6109650769808487,0.26993234563672175,0.4101369607751769,0.24057068448168523,0.7594293155183147,0.5011138492835125,Medium
US1NCPK0002,35.3287,-82.2636,319.4,"COLUMBUS 6.6 NNW, NC US",59.99,0.607209913631243,0.27327224458336896,0.4462405664772176,0.23014210496518156,0.7698578950348185,0.5093462646780416,Medium
US1NCPK0005,35.1968,-82.2029,342.3,"TRYON 2.2 ESE, NC US",58.46,0.5497559143822756,0.29288344609060546,0.3847945588372313,0.2370152295759495,0.7629847704240504,0.4941968395512665,Medium
US1NCPK0006,35.2454,-82.3493,646.8,"SALUDA 0.5 N, NC US",69.02,0.9463011641006381,0.5536524792326796,0.40743501350973355,0.22043820415557924,0.7795617958444208,0.7304291418368435,High
US1NCPK0008,35.2276,-81.9767,285.6,"RUTHERFORDTON 9.5 S, NC US",53.41,0.3601201652271872,0.24432645371242614,0.39914283052268706,0.2626280926229977,0.7373719073770023,0.41953907421681336,Medium
US1NCPK0025,35.2247,-82.1908,338.0,"COLUMBUS 1.7 SSE, NC US",57.82,0.525722868944799,0.28920099340584055,0.3977918568899637,0.23838532525618544,0.7616146747438146,0.4880229274213775,Medium
US1NCPM0010,35.0905,-76.7202,2.4,"ORIENTAL 4.3 NNW, NC US",60.11,0.6117161096507697,0.0017984071251177529,0.33527438740333376,0.8578270961897749,0.14217290381022507,0.2325539698477964,Low
US1NCPM0021,35.2969,-76.5613,0.6,"LOWLAND 0.2 SE, NC US",56.76,0.48591813743897844,0.0002569153035882504,0.4314264418149625,0.8758195097095625,0.12418049029043754,0.21115805634187063,Low
US1NCPR0005,36.1158,-76.4339,3.0,"HERTFORD 5.2 SSE, NC US",51.12,0.27412692452121656,0.002312237732294254,0.8129134445169095,0.89024514521882,0.10975485478117997,0.2135758376302237,Low
US1NCPT0007,35.5258,-77.4605,25.9,"WINTERVILLE 3.5 W, NC US",52.61,0.3300788584303417,0.0219234392395307,0.5380601882046,0.7740021513899118,0.2259978486100882,0.2193900321800584,Low
US1NCPT0008,35.5857,-77.3553,20.7,"GREENVILLE 1.4 SE, NC US",51.06,0.2718738265114533,0.017470240644001024,0.5659647815149541,0.7859140576346038,0.21408594236539624,0.2044154826501862,Low
US1NCPT0010,35.6746,-77.6377,33.8,"FOUNTAIN 0.1 NE, NC US",52.06,0.30942546000751037,0.028688875567354628,0.6073791111525183,0.7539376096925785,0.2460623903074215,0.23202014751991695,Low
US1NCPT0088,35.5489,-77.3111,19.8,"GREENVILLE 5.0 SE, NC US",50.55,0.252722493428464,0.016699494733236276,0.5488213919686951,0.7909188699541422,0.20908113004585782,0.19566980552820995,Low
US1NCRB0007,34.6207,-78.9719,44.5,"LUMBERTON 2.6 ESE, NC US",48.98,0.1937664288396544,0.037852188062002225,0.11641665890244887,0.6028647455132192,0.3971352544867808,0.1642572509736382,Low
US1NCRG0012,36.5166,-79.7035,176.5,"EDEN 2.3 ENE, NC US",48.16,0.16297408937288757,0.1508949216408324,0.9996273176185572,0.5200249108305491,0.47997508916945086,0.36213009864031187,Low
US1NCRT0006,35.4418,-82.2543,366.7,"CHIMNEY ROCK 0.3 E, NC US",58.41,0.5478783327074725,0.31377922411578313,0.49892853815335797,0.23119515371114727,0.7688048462888527,0.522459445215534,Medium
US1NCRW0002,35.5634,-80.6582,263.3,"CHINA GROVE 4.4 W, NC US",46.47,0.0995118287645512,0.22522908281236617,0.5555762601323019,0.4119232293494883,0.5880767706505117,0.3384442917472685,Low
US1NCRW0016,35.5895,-80.4655,254.8,"FAITH 0.3 WNW, NC US",46.39,0.0965076980848667,0.21794981587736575,0.5677350228267952,0.43374285229009724,0.5662571477099028,0.33151351542589935,Low
US1NCWK0106,35.7965,-78.7874,137.5,"CARY 0.5 NW, NC US",50.34,0.24483665039429225,0.11749593217435984,0.6641665890245037,0.6237558738606122,0.37624412613938785,0.2948309422673061,Low
US1NCWK0119,35.8036,-78.7544,127.1,"RALEIGH 5.5 WSW, NC US",48.97,0.1933909125046939,0.1085895349833005,0.6674741451597879,0.6274924984430728,0.37250750155692725,0.27726511770317736,Low
US1NCWK0203,35.8713,-78.6387,121.6,"RALEIGH 3.6 NNE, NC US",49.61,0.21742395794217043,0.10387942108418258,0.699012391689181,0.6405933306912757,0.35940666930872434,0.28302889264275594,Low
US1NCWK0214,35.6558,-78.7778,95.4,"HOLLY SPRINGS 3.3 E, NC US",52.15,0.31280510702215536,0.08144215123747538,0.598621075188669,0.624842891920965,0.375157108079035,0.2837469352683839,Low
US1NCWK0255,35.9773,-78.7087,126.2,"GORMAN 7.2 SE, NC US",47.32,0.13143071723619976,0.10781878907253575,0.748392807230037,0.632667157334542,0.36733284266545796,0.27249256346291495,Low
US1NCWL0010,36.2132,-81.3574,420.0,"PURLEAR 4.6 WNW, NC US",56.83,0.4885467517837025,0.3594245097199623,0.8582875244572805,0.33275208062050615,0.6672479193794938,0.5640416553503976,Medium
US1NCWN0006,35.7208,-78.1108,68.9,"SIMS 4.0 SW, NC US",49.55,0.21517085993240692,0.05874796608717993,0.6289015186807019,0.7003680009058488,0.29963199909415117,0.23742832564762723,Low
US1NCWR0007,36.5174,-78.1921,90.8,"NORLINA 5.0 N, NC US",46.83,0.11303041682313172,0.0775027832491222,1.0,0.6911623167072417,0.3088376832927583,0.27877653248889567,Low
US1NCWT0010,36.1484,-81.64,1054.0,"BLOWING ROCK 2.2 NE, NC US",66.49,0.8512955313556136,0.9023721846364648,0.8281002515606075,0.3007529864688895,0.6992470135311105,0.9280744155974491,High
US1NCWT0011,36.1461,-81.7877,996.7,"FOSCOE 1.2 WSW, NC US",64.17,0.7641757416447615,0.853301361651109,0.8270287897139639,0.2840287606861798,0.7159712393138202,0.8849431825566035,High
US1NCWY0001,35.3724,-77.8984,40.8,"GOLDSBORO 4.4 E, NC US",53.07,0.34735260983852795,0.03468356598441381,0.46659834156340096,0.7244182754911405,0.27558172450885954,0.22928603158812094,Low
US1NCWY0002,35.4704,-78.0892,35.1,"PIKEVILLE 6.2 WSW, NC US",51.22,0.2778820878708223,0.02980217521623705,0.5122519332898516,0.7028137915416404,0.29718620845835964,0.22064664126097377,Low
US1NCYD0003,36.0532,-80.6028,260.6,"YADKINVILLE 6.3 SSE, NC US",47.3,0.13067968456627851,0.22291684508007192,0.7837510481691953,0.41819622940610285,0.5818037705938972,0.3780517550257643,Low
US1NCYD0004,36.1309,-80.6555,280.4,"YADKINVILLE 0.2 E, NC US",48.89,0.19038678182500937,0.23987325511689642,0.8199478244665959,0.4122289531789612,0.5877710468210389,0.40807970604889776,Medium
US1NCYN0004,35.8297,-82.3285,947.9,"BURNSVILLE 6.5 SSW, NC US",53.96,0.38077356365001874,0.8115098056007536,0.6796329078542813,0.22279340995300823,0.7772065900469918,0.758334547900422,High
US1NCYN0013,35.8386,-82.3414,1163.1,"BURNSVILLE 5.9 SSW, NC US",53.38,0.35899361622230574,0.9958037167080585,0.6837789993478046,0.22133272943441143,0.7786672705655886,0.8459505664248941,High
